season,team,pct,sum_poe
2016,LAL,0.207,1.02542372881356
2015,CHA,0.402,1.0220538229865
2018,WSH,0.524,1.11335807050093
2016,HOU,0.5,1.01887694145759
2014,BOS,0.305,1.0327129517881
2015,MIL,0.5,1.08207460343241
2015,CHI,0.61,1.17868405201431
2018,BKN,0.341,1.0500333000333
2016,TOR,0.683,1.05234159779614
2016,IND,0.549,1.0006823173202
2016,GS,0.89,1.22942338782109
2016,SA,0.817,1.17541899441341
2018,HOU,0.793,1.03614578633378
2017,DET,0.451,1.01642205119026
2015,WSH,0.561,1.27115970209487
2014,MEM,0.61,1.14775769745649
2016,ORL,0.427,1.03393482359278
2014,MIL,0.183,1.01507161569081
2016,UTAH,0.488,0.990683229813665
2015,PHI,0.22,1.02102659245516
2016,DEN,0.402,1.02058371735791
2015,NO,0.549,1.18442341971754
2018,LAC,0.512,1.4834008097166
2016,CLE,0.695,1.11995098039216
2017,DAL,0.402,0.988942961425606
2016,OKC,0.671,1.14243542435424
2018,PHX,0.256,1.0139933166249
2017,SAC,0.39,1.10420624151967
2014,NO,0.415,1.12534141504845
2017,UTAH,0.622,1.46305595408895
2015,MEM,0.671,1.09216519890677
2018,POR,0.598,1.03928571428571
2016,MIL,0.402,1.10751993104934
2014,CHA,0.524,1.09191814799504
2016,ATL,0.585,1.20156402737048
2018,TOR,0.72,1.13532586965214
2015,SA,0.671,1.16296050448058
2018,IND,0.585,1.13451794510908
2017,WSH,0.598,1.12278338945006
2014,GS,0.622,1.05631141345427
2018,ATL,0.293,1.01681061825989
2017,MEM,0.524,1.11395424043981
2015,GS,0.817,1.17501967275391
2015,DEN,0.366,1.12330765639589
2014,CHI,0.585,1.2247370949661
2014,DEN,0.439,1.09971807455362
2016,PHX,0.28,1.05754447616956
2014,MIA,0.659,1.15653656900022
2018,ORL,0.305,1.01986394557823
2017,TOR,0.622,1.09497911861871
2018,SAC,0.329,1.14102143482065
2018,PHI,0.634,1.14435739852772
2018,NY,0.354,1.01205265322912
2014,MIN,0.488,1.1912293144208
2016,MIN,0.354,1.11141833077317
2014,POR,0.659,1.12216968741791
2015,MIN,0.195,1.21766011414077
2015,HOU,0.683,1.01802600472813
2015,IND,0.463,1.0560071371927
2015,BOS,0.488,1.0410345493148
2017,CHA,0.439,1.07413477296828
2015,ATL,0.732,1.11874869219502
2018,MEM,0.268,0.983991596638655
2018,CLE,0.61,1.1139997400234
2016,LAC,0.646,1.64254385964912
2015,TOR,0.598,1.19601889338731
2018,DET,0.476,1.3613960749331
2017,GS,0.817,1.05961103089292
2014,DET,0.354,1.02745369992657
2016,POR,0.537,1.02583736150918
2015,SAC,0.354,0.989013340943141
2014,PHX,0.585,1.1759899434318
2017,DEN,0.488,1.0328131252501
2015,DET,0.39,1.22432524189442
2016,PHI,0.122,0.98731165741475
2015,MIA,0.451,1.04977851605759
2017,NO,0.415,1.05111111111111
2017,HOU,0.671,1.07164833115793
2017,NY,0.378,1.03860569715142
2016,CHA,0.585,1.07455242966752
2017,BOS,0.646,1.07161950632149
2014,PHI,0.232,1.05198389879241
2016,DAL,0.512,0.945969498910675
2017,ORL,0.354,1.17851397765315
2014,HOU,0.659,1.09827460092079
2018,MIA,0.537,1.08279026466285
2018,LAL,0.427,0.997453703703704
2016,NO,0.366,1.03041901692184
2016,WSH,0.5,1.12711513430363
2014,WSH,0.537,1.10668693009119
2017,SA,0.744,1.11278698052892
2015,DAL,0.61,1.61327561327561
2014,BKN,0.537,1.00779857397504
2018,SA,0.573,1.12778130959949
2015,OKC,0.549,1.07555267827171
2014,LAC,0.695,1.69074018579563
2015,ORL,0.305,1.11638250555967
2014,ATL,0.463,1.10349025974026
2017,CHI,0.5,1.23552955665025
2016,BOS,0.585,1.02867854708346
2015,UTAH,0.463,1.00668449197861
2018,CHI,0.329,0.972683507329475
2016,CHI,0.512,1.15079365079365
2014,SA,0.756,1.12992038920832
2017,POR,0.5,1.06546852927327
2015,BKN,0.463,1.069440267335
2014,NY,0.451,1.00301751573587
2014,LAL,0.329,1.01
2015,LAC,0.683,2.08510418815762
2017,IND,0.512,1.09762223032365
2017,CLE,0.622,1.17937617937618
2017,MIA,0.5,1.23179697704796
2016,SAC,0.402,1.15956740347216
2016,NY,0.39,1.01005176357289
2017,MIN,0.378,1.11896221094191
2017,MIL,0.512,1.12451737451737
2015,CLE,0.646,1.07633343048674
2018,BOS,0.671,1.14383012820513
2017,PHX,0.293,0.995330242558624
2016,BKN,0.256,1.1735632183908
2017,ATL,0.524,1.07391064533922
2016,MEM,0.512,1.06604506604507
2017,OKC,0.573,1.30384030943501
2017,BKN,0.244,1.05943570767808
2018,GS,0.707,1.08498050289095
2014,IND,0.683,1.05937058445729
2018,DAL,0.293,1.01516665153029
2018,CHA,0.439,1.1577868852459
2018,OKC,0.585,1.05689748426843
2017,LAC,0.622,1.51428571428571
2014,TOR,0.585,1.08239316239316
2014,ORL,0.28,1.00776308223117
2017,PHI,0.341,1.60972222222222
2018,NO,0.585,1.17690457097033
2018,UTAH,0.585,1.07460928522179
2018,MIL,0.537,1.12828061263757
2014,DAL,0.598,1.06998299319728
2015,POR,0.622,1.06699876428792
2016,MIA,0.585,1.14620341344479
2018,MIN,0.573,1.12817615231833
2015,LAL,0.256,1.04146547561564
2014,OKC,0.72,1.18542139903314
2014,UTAH,0.305,1.05208079231107
2014,CLE,0.402,1.17967479674797
2015,PHX,0.476,1.06863988724454
2017,LAL,0.317,0.978184591914569
2016,DET,0.537,0.983176733780761
2015,NY,0.207,1.11843971631206
2014,SAC,0.341,1.11183577908775
2018,DEN,0.561,1.08208140729327
